n_item,descricao,criterio_de_julgamento,situacao,tipo,categoria_do_itme_de_leilao,incentivo_basico,beneficio,margem_de_preferencia_normal,margem_de_preferencia_adicional,quantidade,unidade_de_medida,valor_unitario_estimado,valor_total_estimado
 Item n° 1 , ACIDO ASCÓRBICO C 1G INJ. 5ML SOL. INJ , Menor preço , Em andamento , Material , Não se aplica , Não, Sem benefício , Não , Não, 10.400 , AMPOLA ," R$ 2,71 "," R$ 28.184,00 "
 Item n° 2 , ÁCIDO TRANEXAMICO 50MG/ML SOL. INJ , Menor preço , Em andamento , Material , Não se aplica , Não, Sem benefício , Não , Não, 1.000 , AMPOLA ," R$ 12,20 "," R$ 12.200,00 "
 Item n° 3 , ADENOSINA 3MG/ML , Menor preço , Em andamento , Material , Não se aplica , Não, Sem benefício , Não , Não, 500 , AMPOLA ," R$ 27,80 "," R$ 13.900,00 "
 Item n° 4 , AGUA PARA INJEÇÃO 10ML – SOL. INJ , Menor preço , Em andamento , Material , Não se aplica , Não, Sem benefício , Não , Não, 5.000 , AMPOLA ," R$ 1,10 "," R$ 5.500,00 "
 Item n° 5 , AMINOFILINA 24MG/ML SOL. INJ , Menor preço , Em andamento , Material , Não se aplica , Não, Sem benefício , Não , Não, 200 , AMPOLA ," R$ 10,48 "," R$ 2.096,00 "
 Item n° 6 , AMPICILINA 1G PÓ P/ SUSP. INJ , Menor preço , Em andamento , Material , Não se aplica , Não, Sem benefício , Não , Não, 1.500 , FRASCO ," R$ 11,41 "," R$ 17.115,00 "
 Item n° 7 , BENZILPENICILINA BENZATINA 1.200.000UI  - PÓ P/ SUSP. INJ , Menor preço , Em andamento , Material , Não se aplica , Não, Sem benefício , Não , Não, 3.000 , FRASCO ," R$ 21,48 "," R$ 64.440,00 "
 Item n° 8 , BENZILPENICILINA BENZATINA 600.000 UI - PÓ P/ SUSP. INJ , Menor preço , Em andamento , Material , Não se aplica , Não, Sem benefício , Não , Não, 2.000 , FRASCO ," R$ 19,60 "," R$ 39.200,00 "
 Item n° 9 , BROMOPRIDA 5MG/ML , Menor preço , Em andamento , Material , Não se aplica , Não, Sem benefício , Não , Não, 1.200 , AMPOLA ," R$ 4,60 "," R$ 5.520,00 "
 Item n° 10 , BULTIBROMETO DE ESCOPOLAMINA 20MG/ML SOL. INJ. , Menor preço , Em andamento , Material , Não se aplica , Não, Sem benefício , Não , Não, 2.000 , AMPOLA ," R$ 4,00 "," R$ 8.000,00 "
 Item n° 11 , BUTILBROMETO DE ESCOPOLAMINA + DIPIRONA 4MG + 500MG SOL. INJ , Menor preço , Em andamento , Material , Não se aplica , Não, Sem benefício , Não , Não, 3.600 , AMPOLA ," R$ 4,00 "," R$ 14.400,00 "
 Item n° 12 , CEFALOTINA 1G PÓ P/ SUSP. INJ , Menor preço , Em andamento , Material , Não se aplica , Não, Sem benefício , Não , Não, 1.200 , FRASCO ," R$ 10,60 "," R$ 12.720,00 "
 Item n° 13 , CEFAZOLINA 1G , Menor preço , Em andamento , Material , Não se aplica , Não, Sem benefício , Não , Não, 600 , FRASCO ," R$ 14,50 "," R$ 8.700,00 "
 Item n° 14 , CEFTRIAXONA 1000MG PÓ P/ SUSP. INJ , Menor preço , Em andamento , Material , Não se aplica , Não, Sem benefício , Não , Não, 4.800 , FRASCO ," R$ 11,20 "," R$ 53.760,00 "
 Item n° 15 , CETOPROFENO 100MG , Menor preço , Em andamento , Material , Não se aplica , Não, Sem benefício , Não , Não, 600 , FRASCO ," R$ 13,44 "," R$ 8.064,00 "
 Item n° 16 , CIMETIDINA 150MG/ML SOL. INJ , Menor preço , Em andamento , Material , Não se aplica , Não, Sem benefício , Não , Não, 2.000 , AMPOLA ," R$ 3,40 "," R$ 6.800,00 "
 Item n° 17 , CIPROFLOXACINO 2MG/ML , Menor preço , Em andamento , Material , Não se aplica , Não, Sem benefício , Não , Não, 600 , FRASCO ," R$ 21,10 "," R$ 12.660,00 "
 Item n° 18 , CLORETO DE LIDOCAÍNA 10MG/ML SOL. INJ. , Menor preço , Em andamento , Material , Não se aplica , Não, Sem benefício , Não , Não, 600 , FRASCO ," R$ 12,10 "," R$ 7.260,00 "
 Item n° 19 , CLORETO DE POTÁSSIO 10ML 19% , Menor preço , Em andamento , Material , Não se aplica , Não, Sem benefício , Não , Não, 200 , FRASCO ," R$ 1,88 "," R$ 376,00 "
 Item n° 20 , CLORIDRATO DE AMIODARONA 50MG/ML SOL. INJ , Menor preço , Em andamento , Material , Não se aplica , Não, Sem benefício , Não , Não, 300 , AMPOLA ," R$ 7,30 "," R$ 2.190,00 "
 Item n° 21 , CLORIDRATO DE METOCLOPRAMIDA 5MG/ML SOL. INJ , Menor preço , Em andamento , Material , Não se aplica , Não, Sem benefício , Não , Não, 3.600 , AMPOLA ," R$ 1,93 "," R$ 6.948,00 "
 Item n° 22 , CLORIDRATO DE PROMETAZINA 25MG/ML SOL. INJ , Menor preço , Em andamento , Material , Não se aplica , Não, Sem benefício , Não , Não, 2.400 , AMPOLA ," R$ 11,15 "," R$ 26.760,00 "
 Item n° 23 , CLORIDRATO DE TRAMADOL 50MG/ML SOL. INJ. , Menor preço , Em andamento , Material , Não se aplica , Não, Sem benefício , Não , Não, 800 , AMPOLA ," R$ 3,70 "," R$ 2.960,00 "
 Item n° 24 , CLORIDRATO HIDRALAZINA 20MG/ML SOL. INJ , Menor preço , Em andamento , Material , Não se aplica , Não, Sem benefício , Não , Não, 800 , AMPOLA ," R$ 16,60 "," R$ 13.280,00 "
 Item n° 25 , COMPLEXO B POLIVITAMINICO SOL. INJ , Menor preço , Em andamento , Material , Não se aplica , Não, Sem benefício , Não , Não, 9.600 , AMPOLA ," R$ 2,97 "," R$ 28.512,00 "
 Item n° 26 , DIAZEPAM 5MG/ML SOL. INJ , Menor preço , Em andamento , Material , Não se aplica , Não, Sem benefício , Não , Não, 600 , AMPOLA ," R$ 2,47 "," R$ 1.482,00 "
 Item n° 27 , DICLOFENACO DE SÓDIO INJ. 75MG/ML SOL. INJ , Menor preço , Em andamento , Material , Não se aplica , Não, Sem benefício , Não , Não, 4.800 , AMPOLA ," R$ 2,80 "," R$ 13.440,00 "
 Item n° 28 , DIPIRONA SÓDICA 500MG/ML SOL. INJ , Menor preço , Em andamento , Material , Não se aplica , Não, Sem benefício , Não , Não, 9.600 , AMPOLA ," R$ 3,70 "," R$ 35.520,00 "
 Item n° 29 , DOPAMINA 5MG/ML , Menor preço , Em andamento , Material , Não se aplica , Não, Sem benefício , Não , Não, 600 , AMPOLA ," R$ 12,10 "," R$ 7.260,00 "
 Item n° 30 ," ENOXOPARINA SÓDICA 40MG/0,4ML SOL. INJ ", Menor preço , Em andamento , Material , Não se aplica , Não, Sem benefício , Não , Não, 300 , AMPOLA ," R$ 43,00 "," R$ 12.900,00 "
 Item n° 31 , EPINEFRINA 1MG/ML SOL. INJ , Menor preço , Em andamento , Material , Não se aplica , Não, Sem benefício , Não , Não, 600 , AMPOLA ," R$ 2,95 "," R$ 1.770,00 "
 Item n° 32 , ETILEFRINA 10MG/ML SOL. INJ , Menor preço , Em andamento , Material , Não se aplica , Não, Sem benefício , Não , Não, 300 , AMPOLA ," R$ 21,10 "," R$ 6.330,00 "
 Item n° 33 , FOSFATO DISSÓDICO DE DEXAMETASONA 4MG/ML SOL. INJ , Menor preço , Em andamento , Material , Não se aplica , Não, Sem benefício , Não , Não, 9.600 , AMPOLA ," R$ 5,80 "," R$ 55.680,00 "
 Item n° 34 , FUROSEMIDA 10MG/ML SOL. INJ , Menor preço , Em andamento , Material , Não se aplica , Não, Sem benefício , Não , Não, 800 , AMPOLA ," R$ 2,50 "," R$ 2.000,00 "
 Item n° 35 , GENTAMICINA 40MG/ML , Menor preço , Em andamento , Material , Não se aplica , Não, Sem benefício , Não , Não, 1.200 , AMPOLA ," R$ 4,90 "," R$ 5.880,00 "
 Item n° 36 , GLICONATO DE CALCIO 10% SOL. INJ. , Menor preço , Em andamento , Material , Não se aplica , Não, Sem benefício , Não , Não, 200 , AMPOLA ," R$ 4,99 "," R$ 998,00 "
 Item n° 37 , GLICOSE 25% 10ML SOL. INJ , Menor preço , Em andamento , Material , Não se aplica , Não, Sem benefício , Não , Não, 3.600 , AMPOLA ," R$ 1,42 "," R$ 5.112,00 "
 Item n° 38 , GLICOSE 50% - 10ML SOL. INJ , Menor preço , Em andamento , Material , Não se aplica , Não, Sem benefício , Não , Não, 3.600 , AMPOLA ," R$ 1,66 "," R$ 5.976,00 "
 Item n° 39 , HALOPERIDOL 5MG/ML , Menor preço , Em andamento , Material , Não se aplica , Não, Sem benefício , Não , Não, 200 , AMPOLA ," R$ 8,38 "," R$ 1.676,00 "
 Item n° 40 , HEPARINA SODICA 5.000IU 25ML SOL. INJ. , Menor preço , Em andamento , Material , Não se aplica , Não, Sem benefício , Não , Não, 300 , AMPOLA ," R$ 15,70 "," R$ 4.710,00 "
 Item n° 41 , IMUNOGLOBULINA HUMANA ANTI-D 1500UI/2ML SOL. INJ , Menor preço , Em andamento , Material , Não se aplica , Não, Sem benefício , Não , Não, 24 , AMPOLA ," R$ 657,11 "," R$ 15.770,64 "
 Item n° 42 , MALEATO DE ERGOMETRINA 0.2MG INJ. , Menor preço , Em andamento , Material , Não se aplica , Não, Sem benefício , Não , Não, 600 , AMPOLA ," R$ 5,15 "," R$ 3.090,00 "
 Item n° 43 , METRONIDAZOL 0.5 INJ. 100ML BOLSA INJ , Menor preço , Em andamento , Material , Não se aplica , Não, Sem benefício , Não , Não, 1.440 , UNIDADE ," R$ 12,10 "," R$ 17.424,00 "
 Item n° 44 , MIDAZOLAM 5MG/ML , Menor preço , Em andamento , Material , Não se aplica , Não, Sem benefício , Não , Não, 200 , AMPOLA ," R$ 8,50 "," R$ 1.700,00 "
 Item n° 45 , NOREPINEFRINA 2MG/ML , Menor preço , Em andamento , Material , Não se aplica , Não, Sem benefício , Não , Não, 600 , AMPOLA ," R$ 3,85 "," R$ 2.310,00 "
 Item n° 46 , OMEPRAZOL 40MG , Menor preço , Em andamento , Material , Não se aplica , Não, Sem benefício , Não , Não, 500 , AMPOLA ," R$ 25,15 "," R$ 12.575,00 "
 Item n° 47 , OXITOCINA 5UI 1ML SOL. INJ , Menor preço , Em andamento , Material , Não se aplica , Não, Sem benefício , Não , Não, 600 , AMPOLA ," R$ 9,70 "," R$ 5.820,00 "
 Item n° 48 , SACARATO DE OXIDO FERRICO 20MG/ML , Menor preço , Em andamento , Material , Não se aplica , Não, Sem benefício , Não , Não, 600 , AMPOLA ," R$ 30,10 "," R$ 18.060,00 "
 Item n° 49 , SOLUÇÃO GLICOFISIOLOGICA 5% 250ML SISTEMA FECHADO , Menor preço , Em andamento , Material , Não se aplica , Não, Sem benefício , Não , Não, 1.800 , FRASCO ," R$ 12,39 "," R$ 22.302,00 "
 Item n° 50 , SOLUÇÃO RINGER + LACTATO 500ML SOL. INJ , Menor preço , Em andamento , Material , Não se aplica , Não, Sem benefício , Não , Não, 2.400 , FRASCO ," R$ 18,10 "," R$ 43.440,00 "
 Item n° 51 , SOLUÇÃO RINGER SEM LACTATO 500ML SOL. INJ , Menor preço , Em andamento , Material , Não se aplica , Não, Sem benefício , Não , Não, 1.500 , FRASCO ," R$ 17,26 "," R$ 25.890,00 "
 Item n° 52 , SORO FISIOLOGICO 100ML 0.9% SISTEMA FECHADO , Menor preço , Em andamento , Material , Não se aplica , Não, Sem benefício , Não , Não, 2.400 , FRASCO ," R$ 9,70 "," R$ 23.280,00 "
 Item n° 53 , SORO FISIOLOGICO 250ML 0.9% SISTEMA FECHADO , Menor preço , Em andamento , Material , Não se aplica , Não, Sem benefício , Não , Não, 3.600 , FRASCO ," R$ 11,20 "," R$ 40.320,00 "
 Item n° 54 , SORO FISIOLOGICO 500ML 0.9% SISTEMA FECHADO , Menor preço , Em andamento , Material , Não se aplica , Não, Sem benefício , Não , Não, 5.400 , FRASCO ," R$ 15,70 "," R$ 84.780,00 "
 Item n° 55 , SUCCINATO DE HIDROCORTISONA 100MG PÓ P/ SUSP. INJ , Menor preço , Em andamento , Material , Não se aplica , Não, Sem benefício , Não , Não, 1.200 , FRASCO ," R$ 9,04 "," R$ 10.848,00 "
 Item n° 56 , SUCCINATO DE HIDROCORTISONA 500MG PÓ P/ SUSP. INJ , Menor preço , Em andamento , Material , Não se aplica , Não, Sem benefício , Não , Não, 2.000 , FRASCO ," R$ 14,20 "," R$ 28.400,00 "
 Item n° 57 ," SULFATO DE ATROPINA 0,25MG/ML SOL. INJ ", Menor preço , Em andamento , Material , Não se aplica , Não, Sem benefício , Não , Não, 1.000 , AMPOLA ," R$ 2,50 "," R$ 2.500,00 "
 Item n° 58 , SULFATO DE MAGNESIO 10% SOL. INJ , Menor preço , Em andamento , Material , Não se aplica , Não, Sem benefício , Não , Não, 200 , AMPOLA ," R$ 4,00 "," R$ 800,00 "
 Item n° 59 , SULFATO DE MORFINA 0.1MG/ML SOL. INJ. , Menor preço , Em andamento , Material , Não se aplica , Não, Sem benefício , Não , Não, 200 , AMPOLA ," R$ 6,40 "," R$ 1.280,00 "
 Item n° 60 , SULFATO DE MORFINA 10MG/ML SOL. INJ. , Menor preço , Em andamento , Material , Não se aplica , Não, Sem benefício , Não , Não, 100 , AMPOLA ," R$ 7,60 "," R$ 760,00 "
 Item n° 61 , VITAMINA K 10MG/ML SOL. INJ , Menor preço , Em andamento , Material , Não se aplica , Não, Sem benefício , Não , Não, 1.800 , AMPOLA ," R$ 4,30 "," R$ 7.740,00 "
 Item n° 62 , ACIDO ACETILSALICILICO 100 MG , Menor preço , Em andamento , Material , Não se aplica , Não, Sem benefício , Não , Não, 100.000 , COMPRIMIDO ," R$ 0,19 "," R$ 19.000,00 "
 Item n° 63 , ACICLOVIR 200MG , Menor preço , Em andamento , Material , Não se aplica , Não, Sem benefício , Não , Não, 5.400 , COMPRIMIDO ," R$ 0,82 "," R$ 4.428,00 "
 Item n° 64 , ACIDO FÓLICO 5 MG , Menor preço , Em andamento , Material , Não se aplica , Não, Sem benefício , Não , Não, 25.000 , COMPRIMIDO ," R$ 0,20 "," R$ 5.000,00 "
 Item n° 65 , ALBENDAZOL 400MG , Menor preço , Em andamento , Material , Não se aplica , Não, Sem benefício , Não , Não, 6.500 , COMPRIMIDO ," R$ 1,35 "," R$ 8.775,00 "
 Item n° 66 , ALOPURINOL 100MG , Menor preço , Em andamento , Material , Não se aplica , Não, Sem benefício , Não , Não, 3.600 , COMPRIMIDO ," R$ 0,49 "," R$ 1.764,00 "
 Item n° 67 , ALPRAZOLAM 0.5MG , Menor preço , Em andamento , Material , Não se aplica , Não, Sem benefício , Não , Não, 600 , COMPRIMIDO ," R$ 0,65 "," R$ 390,00 "
 Item n° 68 , AMITRIPTILINA 25 MG , Menor preço , Em andamento , Material , Não se aplica , Não, Sem benefício , Não , Não, 3.600 , COMPRIMIDO ," R$ 0,54 "," R$ 1.944,00 "
 Item n° 69 , AMOXICILINA 500MG , Menor preço , Em andamento , Material , Não se aplica , Não, Sem benefício , Não , Não, 40.000 , COMPRIMIDO ," R$ 0,92 "," R$ 36.800,00 "
 Item n° 70 , AMPICILINA 500MG , Menor preço , Em andamento , Material , Não se aplica , Não, Sem benefício , Não , Não, 10.000 , COMPRIMIDO ," R$ 1,53 "," R$ 15.300,00 "
 Item n° 71 , ATENOLOL 100MG , Menor preço , Em andamento , Material , Não se aplica , Não, Sem benefício , Não , Não, 5.000 , COMPRIMIDO ," R$ 0,49 "," R$ 2.450,00 "
 Item n° 72 , ATENOLOL 25MG , Menor preço , Em andamento , Material , Não se aplica , Não, Sem benefício , Não , Não, 6.000 , COMPRIMIDO ," R$ 0,26 "," R$ 1.560,00 "
 Item n° 73 , ATENOLOL 50MG , Menor preço , Em andamento , Material , Não se aplica , Não, Sem benefício , Não , Não, 25.000 , COMPRIMIDO ," R$ 0,18 "," R$ 4.500,00 "
 Item n° 74 , AZITROMICINA 500MG , Menor preço , Em andamento , Material , Não se aplica , Não, Sem benefício , Não , Não, 10.000 , COMPRIMIDO ," R$ 2,26 "," R$ 22.600,00 "
 Item n° 75 , BESILATO DE ANLODIPINO 10MG , Menor preço , Em andamento , Material , Não se aplica , Não, Sem benefício , Não , Não, 18.000 , COMPRIMIDO ," R$ 0,31 "," R$ 5.580,00 "
 Item n° 76 , BESILATO DE ANLODIPINO 5MG , Menor preço , Em andamento , Material , Não se aplica , Não, Sem benefício , Não , Não, 18.000 , COMPRIMIDO ," R$ 0,19 "," R$ 3.420,00 "
 Item n° 77 , CAPTOPRIL 25 MG , Menor preço , Em andamento , Material , Não se aplica , Não, Sem benefício , Não , Não, 30.000 , COMPRIMIDO ," R$ 0,21 "," R$ 6.300,00 "
 Item n° 78 , CAPTOPRIL 50MG , Menor preço , Em andamento , Material , Não se aplica , Não, Sem benefício , Não , Não, 12.000 , COMPRIMIDO ," R$ 0,19 "," R$ 2.280,00 "
 Item n° 79 , CARBAMAZEPINA 200 MG , Menor preço , Em andamento , Material , Não se aplica , Não, Sem benefício , Não , Não, 2.400 , COMPRIMIDO ," R$ 0,65 "," R$ 1.560,00 "
 Item n° 80 , CARBAMAZEPINA 400MG , Menor preço , Em andamento , Material , Não se aplica , Não, Sem benefício , Não , Não, 800 , COMPRIMIDO ," R$ 1,94 "," R$ 1.552,00 "
 Item n° 81 , CARBONATO DE LITIO 300 MG , Menor preço , Em andamento , Material , Não se aplica , Não, Sem benefício , Não , Não, 800 , COMPRIMIDO ," R$ 0,67 "," R$ 536,00 "
 Item n° 82 , CEFALEXINA 500MG , Menor preço , Em andamento , Material , Não se aplica , Não, Sem benefício , Não , Não, 25.000 , COMPRIMIDO ," R$ 2,53 "," R$ 63.250,00 "
 Item n° 83 , CIMETIDINA 200MG , Menor preço , Em andamento , Material , Não se aplica , Não, Sem benefício , Não , Não, 8.000 , COMPRIMIDO ," R$ 1,28 "," R$ 10.240,00 "
 Item n° 84 , CIPROFIBRATO 100MG , Menor preço , Em andamento , Material , Não se aplica , Não, Sem benefício , Não , Não, 12.000 , COMPRIIDO ," R$ 1,15 "," R$ 13.800,00 "
 Item n° 85 , CIPROFLOXACINO 500MG , Menor preço , Em andamento , Material , Não se aplica , Não, Sem benefício , Não , Não, 15.000 , COMPRIMIDO ," R$ 0,71 "," R$ 10.650,00 "
 Item n° 86 , CLONAZEPAM 2MG , Menor preço , Em andamento , Material , Não se aplica , Não, Sem benefício , Não , Não, 5.400 , COMPRIMIDO ," R$ 0,24 "," R$ 1.296,00 "
 Item n° 87 , CLORIDRATO DE BIPERIDENO 2MG , Menor preço , Em andamento , Material , Não se aplica , Não, Sem benefício , Não , Não, 800 , COMPRIMIDO ," R$ 1,45 "," R$ 1.160,00 "
 Item n° 88 , CLORIDRATO DE CLORPROMAZINA 100G , Menor preço , Em andamento , Material , Não se aplica , Não, Sem benefício , Não , Não, 800 , COMPRIMIDO ," R$ 2,03 "," R$ 1.624,00 "
 Item n° 89 , CLORIDRATO DE METOCLOPRAMIDA 10MG , Menor preço , Em andamento , Material , Não se aplica , Não, Sem benefício , Não , Não, 6.000 , COMPRIMIDO ," R$ 0,26 "," R$ 1.560,00 "
 Item n° 90 , CLORIDRATO DE PROPRANOLOL 40MG , Menor preço , Em andamento , Material , Não se aplica , Não, Sem benefício , Não , Não, 10.000 , COMPRIMIDO ," R$ 0,20 "," R$ 2.000,00 "
 Item n° 91 , CLORIDRATO DE SETRALINA 25MG , Menor preço , Em andamento , Material , Não se aplica , Não, Sem benefício , Não , Não, 800 , COMPRIMIDO ," R$ 1,92 "," R$ 1.536,00 "
 Item n° 92 , DEXAMETASONA 4MG , Menor preço , Em andamento , Material , Não se aplica , Não, Sem benefício , Não , Não, 10.000 , COMPRIMIDO ," R$ 0,28 "," R$ 2.800,00 "
 Item n° 93 , DIAZEPAM 10 MG , Menor preço , Em andamento , Material , Não se aplica , Não, Sem benefício , Não , Não, 1.500 , COMPRIMIDO ," R$ 0,24 "," R$ 360,00 "
 Item n° 94 , DIAZEPAM 5 MG , Menor preço , Em andamento , Material , Não se aplica , Não, Sem benefício , Não , Não, 1.500 , COMPRIMIDO ," R$ 0,24 "," R$ 360,00 "
 Item n° 95 , DICLOFENACO SÓDICO 50MG , Menor preço , Em andamento , Material , Não se aplica , Não, Sem benefício , Não , Não, 20.000 , COMPRIMIDO ," R$ 0,28 "," R$ 5.600,00 "
 Item n° 96 , DIPIRONA MONOHIDRATADA 500MG , Menor preço , Em andamento , Material , Não se aplica , Não, Sem benefício , Não , Não, 45.000 , COMPRIMIDO ," R$ 0,49 "," R$ 22.050,00 "
 Item n° 97 , FENITOINA SÓDICA 100 MG , Menor preço , Em andamento , Material , Não se aplica , Não, Sem benefício , Não , Não, 800 , COMPRIMIDO ," R$ 0,48 "," R$ 384,00 "
 Item n° 98 , FENOBARBITAL 100MG , Menor preço , Em andamento , Material , Não se aplica , Não, Sem benefício , Não , Não, 1.000 , COMPRIMIDO ," R$ 0,62 "," R$ 620,00 "
 Item n° 99 , FLUCONAZOL 150 MG , Menor preço , Em andamento , Material , Não se aplica , Não, Sem benefício , Não , Não, 8.000 , COMPRIMIDO ," R$ 1,48 "," R$ 11.840,00 "
 Item n° 100 , FUROSEMIDA 40 MG , Menor preço , Em andamento , Material , Não se aplica , Não, Sem benefício , Não , Não, 15.000 , COMPRIMIDO ," R$ 0,24 "," R$ 3.600,00 "
 Item n° 101 , GABAPENTINA 300MG , Menor preço , Em andamento , Material , Não se aplica , Não, Sem benefício , Não , Não, 500 , COMPRIMIDO ," R$ 1,33 "," R$ 665,00 "
 Item n° 102 , GLIBENCLAMIDA 5MG , Menor preço , Em andamento , Material , Não se aplica , Não, Sem benefício , Não , Não, 50.000 , COMPRIMIDO ," R$ 0,16 "," R$ 8.000,00 "
 Item n° 103 , HIDROCLOROTIAZIDA 25MG , Menor preço , Em andamento , Material , Não se aplica , Não, Sem benefício , Não , Não, 80.000 , COMPRIMIDO ," R$ 0,19 "," R$ 15.200,00 "
 Item n° 104 , IBUPROFENO 600MG , Menor preço , Em andamento , Material , Não se aplica , Não, Sem benefício , Não , Não, 30.000 , COMPRIMIDO ," R$ 0,60 "," R$ 18.000,00 "
 Item n° 105 , IVERMECTINA 6 MG , Menor preço , Em andamento , Material , Não se aplica , Não, Sem benefício , Não , Não, 4.000 , COMPRIMIDO ," R$ 2,20 "," R$ 8.800,00 "
 Item n° 106 , LEVOFLOXACINO 500MG , Menor preço , Em andamento , Material , Não se aplica , Não, Sem benefício , Não , Não, 4.000 , COMPRIMIDO ," R$ 7,99 "," R$ 31.960,00 "
 Item n° 107 , LORATADINA 10MG , Menor preço , Em andamento , Material , Não se aplica , Não, Sem benefício , Não , Não, 15.000 , COMPRIMIDO ," R$ 0,77 "," R$ 11.550,00 "
 Item n° 108 , LOSARTANA POTASSICA 50MG , Menor preço , Em andamento , Material , Não se aplica , Não, Sem benefício , Não , Não, 230.000 , COMPRIMIDO ," R$ 0,24 "," R$ 55.200,00 "
 Item n° 109 , MALEATO DE DEXCLOFENIRAMINA 2MG , Menor preço , Em andamento , Material , Não se aplica , Não, Sem benefício , Não , Não, 15.000 , COMPRIMIDO ," R$ 0,28 "," R$ 4.200,00 "
 Item n° 110 , MALEATO DE ENALAPRIL 10MG , Menor preço , Em andamento , Material , Não se aplica , Não, Sem benefício , Não , Não, 20.000 , COMPRIMIDO ," R$ 0,23 "," R$ 4.600,00 "
 Item n° 111 , MALEATO DE ENALAPRIL 20MG , Menor preço , Em andamento , Material , Não se aplica , Não, Sem benefício , Não , Não, 25.000 , COMPRIMIDO ," R$ 0,27 "," R$ 6.750,00 "
 Item n° 112 , METFORMINA 500MG , Menor preço , Em andamento , Material , Não se aplica , Não, Sem benefício , Não , Não, 35.000 , COMPRIMIDO ," R$ 0,49 "," R$ 17.150,00 "
 Item n° 113 , METFORMINA 850 MG , Menor preço , Em andamento , Material , Não se aplica , Não, Sem benefício , Não , Não, 65.000 , COMPRIMIDO ," R$ 0,53 "," R$ 34.450,00 "
 Item n° 114 , METILDOPA 250 MG , Menor preço , Em andamento , Material , Não se aplica , Não, Sem benefício , Não , Não, 6.000 , COMPRIMIDO ," R$ 1,60 "," R$ 9.600,00 "
 Item n° 115 , METRONIDAZOL 250MG , Menor preço , Em andamento , Material , Não se aplica , Não, Sem benefício , Não , Não, 24.000 , COMPRIMIDO ," R$ 0,59 "," R$ 14.160,00 "
 Item n° 116 , NIFEDIPINO 10MG , Menor preço , Em andamento , Material , Não se aplica , Não, Sem benefício , Não , Não, 12.000 , COMPRIMIDO ," R$ 1,20 "," R$ 14.400,00 "
 Item n° 117 , NIFEDIPINO 20MG , Menor preço , Em andamento , Material , Não se aplica , Não, Sem benefício , Não , Não, 12.000 , COMPRIMIDO ," R$ 0,52 "," R$ 6.240,00 "
 Item n° 118 , NIMESULIDA 100MG , Menor preço , Em andamento , Material , Não se aplica , Não, Sem benefício , Não , Não, 35.000 , COMPRIMIDO ," R$ 0,37 "," R$ 12.950,00 "
 Item n° 119 , OMEPRAZOL 20MG , Menor preço , Em andamento , Material , Não se aplica , Não, Sem benefício , Não , Não, 24.000 , COMPRIMIDO ," R$ 0,25 "," R$ 6.000,00 "
 Item n° 120 , PARACETAMOL 500 MG , Menor preço , Em andamento , Material , Não se aplica , Não, Sem benefício , Não , Não, 50.000 , COMPRIMIDO ," R$ 0,28 "," R$ 14.000,00 "
 Item n° 121 , PREDNISONA 20MG , Menor preço , Em andamento , Material , Não se aplica , Não, Sem benefício , Não , Não, 6.000 , COMPRIMIDO ," R$ 0,52 "," R$ 3.120,00 "
 Item n° 122 , PREDNISONA 5 MG. , Menor preço , Em andamento , Material , Não se aplica , Não, Sem benefício , Não , Não, 6.000 , COMPRIMIDO ," R$ 0,25 "," R$ 1.500,00 "
 Item n° 123 , RISPERIDONA 1MG , Menor preço , Em andamento , Material , Não se aplica , Não, Sem benefício , Não , Não, 800 , COMPRIMIDO ," R$ 0,41 "," R$ 328,00 "
 Item n° 124 , RISPERIDONA 2MG , Menor preço , Em andamento , Material , Não se aplica , Não, Sem benefício , Não , Não, 800 , COMPRIMIDO ," R$ 0,71 "," R$ 568,00 "
 Item n° 125 , SECNIDAZOL 1000MG , Menor preço , Em andamento , Material , Não se aplica , Não, Sem benefício , Não , Não, 6.000 , COMPRIMIDO ," R$ 8,80 "," R$ 52.800,00 "
 Item n° 126 , SIMETICONA 40MG , Menor preço , Em andamento , Material , Não se aplica , Não, Sem benefício , Não , Não, 12.000 , COMPRIMIDO ," R$ 0,38 "," R$ 4.560,00 "
 Item n° 127 , SIVASTATINA 20MG , Menor preço , Em andamento , Material , Não se aplica , Não, Sem benefício , Não , Não, 15.000 , COMPRIMIDO ," R$ 0,45 "," R$ 6.750,00 "
 Item n° 128 , SULFAMETOXOZOL+TRIMETROPRIMA 400MG + 80MG , Menor preço , Em andamento , Material , Não se aplica , Não, Sem benefício , Não , Não, 20.000 , COMPRIMIDO ," R$ 0,58 "," R$ 11.600,00 "
 Item n° 129 , SULFATO FERROSO 40MG , Menor preço , Em andamento , Material , Não se aplica , Não, Sem benefício , Não , Não, 80.000 , COMPRIMIDO ," R$ 0,22 "," R$ 17.600,00 "
 Item n° 130 , VITAMINA D 2.000 UI , Menor preço , Em andamento , Material , Não se aplica , Não, Sem benefício , Não , Não, 24.000 , COMPRIMIDO ," R$ 1,87 "," R$ 44.880,00 "
 Item n° 131 , ACEBROFILINA 10MG/ML SUSP. ORAL , Menor preço , Em andamento , Material , Não se aplica , Não, Sem benefício , Não , Não, 1.200 , FRASCO ," R$ 22,47 "," R$ 26.964,00 "
 Item n° 132 , ACEBROFILINA 5MG/ML SUSP. ORAL , Menor preço , Em andamento , Material , Não se aplica , Não, Sem benefício , Não , Não, 1.200 , FRASCO ," R$ 31,59 "," R$ 37.908,00 "
 Item n° 133 , ACETILCISTEINA 40MG/ML , Menor preço , Em andamento , Material , Não se aplica , Não, Sem benefício , Não , Não, 1.200 , FRASCO ," R$ 22,90 "," R$ 27.480,00 "
 Item n° 134 , ACETILCISTEINA 20MG/ML , Menor preço , Em andamento , Material , Não se aplica , Não, Sem benefício , Não , Não, 1.200 , FRASCO ," R$ 17,95 "," R$ 21.540,00 "
 Item n° 135 , ALBENDAZOL 40MG/ML SUSP. ORAL , Menor preço , Em andamento , Material , Não se aplica , Não, Sem benefício , Não , Não, 2.400 , FRASCO ," R$ 3,67 "," R$ 8.808,00 "
 Item n° 136 , AMOXICILINA 50MG/ML PÓ SUSP. ORAL , Menor preço , Em andamento , Material , Não se aplica , Não, Sem benefício , Não , Não, 2.400 , FRASCO ," R$ 10,84 "," R$ 26.016,00 "
 Item n° 137 , AZITROMICINA 40MG/ML PÓ SUSP , Menor preço , Em andamento , Material , Não se aplica , Não, Sem benefício , Não , Não, 2.400 , FRASCO ," R$ 19,78 "," R$ 47.472,00 "
 Item n° 138 , BENZOILMETRONIDAZOL 40MG/ML , Menor preço , Em andamento , Material , Não se aplica , Não, Sem benefício , Não , Não, 1.200 , FRASCO ," R$ 11,30 "," R$ 13.560,00 "
 Item n° 139 ," BROMETO DE IPRATRÓPIO 0,25MG/ML SUSP. GOTAS ", Menor preço , Em andamento , Material , Não se aplica , Não, Sem benefício , Não , Não, 250 , FRASCO ," R$ 3,70 "," R$ 925,00 "
 Item n° 140 ," BUTILBROMETO DE ESCOPOLAMINA + DIPIRONA 6,67MG + 333,4MG SUSP. GOTAS ", Menor preço , Em andamento , Material , Não se aplica , Não, Sem benefício , Não , Não, 3.000 , FRASCO ," R$ 17,35 "," R$ 52.050,00 "
 Item n° 141 , CETOCONAZOL 20MG/ML XAMPOO , Menor preço , Em andamento , Material , Não se aplica , Não, Sem benefício , Não , Não, 1.800 , FRASCO ," R$ 26,83 "," R$ 48.294,00 "
 Item n° 142 , CEFALEXINA 50MG/ML SUSP. ORAL , Menor preço , Em andamento , Material , Não se aplica , Não, Sem benefício , Não , Não, 2.400 , FRASCO ," R$ 36,55 "," R$ 87.720,00 "
 Item n° 143 ," CLONAZEPAM 2,5MG/ML SUSP. GOTAS ", Menor preço , Em andamento , Material , Não se aplica , Não, Sem benefício , Não , Não, 800 , FRASCO ," R$ 6,85 "," R$ 5.480,00 "
 Item n° 144 , CLORIDRATO DE AMBROXOL 15MG/5ML SUSP. ORAL , Menor preço , Em andamento , Material , Não se aplica , Não, Sem benefício , Não , Não, 4.000 , FRASCO ," R$ 9,85 "," R$ 39.400,00 "
 Item n° 145 , CLORIDRATO DE AMBROXOL 30MG/5ML SUSP. ORAL , Menor preço , Em andamento , Material , Não se aplica , Não, Sem benefício , Não , Não, 3.000 , FRASCO ," R$ 10,63 "," R$ 31.890,00 "
 Item n° 146 , CLORIDRATO DE METOCLOPRAMIDA 4MG/ML SUSP. GOTAS , Menor preço , Em andamento , Material , Não se aplica , Não, Sem benefício , Não , Não, 1.200 , FRASCO ," R$ 3,40 "," R$ 4.080,00 "
 Item n° 147 ," DEXAMETASONA 0,1MG/ML ELIXIR ", Menor preço , Em andamento , Material , Não se aplica , Não, Sem benefício , Não , Não, 2.000 , FRASCO ," R$ 5,80 "," R$ 11.600,00 "
 Item n° 148 , DIPIRONA MONOHIDRATADA 500MG/ML SUSP. GOTAS , Menor preço , Em andamento , Material , Não se aplica , Não, Sem benefício , Não , Não, 5.000 , FRASCO ," R$ 3,64 "," R$ 18.200,00 "
 Item n° 149 , FENOBARBITAL 40MG/ML SUSP GOTAS , Menor preço , Em andamento , Material , Não se aplica , Não, Sem benefício , Não , Não, 120 , FRASCO ," R$ 15,55 "," R$ 1.866,00 "
 Item n° 150 , GUACO XAROPE , Menor preço , Em andamento , Material , Não se aplica , Não, Sem benefício , Não , Não, 1.800 , FRASCO ," R$ 7,58 "," R$ 13.644,00 "
 Item n° 151 , FLUOXETINA 20MG/ML GOTAS , Menor preço , Em andamento , Material , Não se aplica , Não, Sem benefício , Não , Não, 200 , FRASCO ," R$ 60,00 "," R$ 12.000,00 "
 Item n° 152 , HIDRÓXIDO ALUMÍNIO 6% 100ML SUSP ORAL , Menor preço , Em andamento , Material , Não se aplica , Não, Sem benefício , Não , Não, 1.800 , FRASCO ," R$ 6,85 "," R$ 12.330,00 "
 Item n° 153 , IBUPROFENO 50MG/ML SUSP. GOTAS , Menor preço , Em andamento , Material , Não se aplica , Não, Sem benefício , Não , Não, 5.000 , FRASCO ," R$ 11,59 "," R$ 57.950,00 "
 Item n° 154 , LORATADINA 1MG/ML XAROPE , Menor preço , Em andamento , Material , Não se aplica , Não, Sem benefício , Não , Não, 2.000 , FRASCO ," R$ 10,12 "," R$ 20.240,00 "
 Item n° 155 ," MALEATO DE DEXCLOFENIRAMINA 0,4MG/ML XAROPE ", Menor preço , Em andamento , Material , Não se aplica , Não, Sem benefício , Não , Não, 3.000 , FRASCO ," R$ 7,27 "," R$ 21.810,00 "
 Item n° 156 , NIMESULIDA 50MG/ML SUSP. GOTAS , Menor preço , Em andamento , Material , Não se aplica , Não, Sem benefício , Não , Não, 2.200 , FRASCO ," R$ 9,59 "," R$ 21.098,00 "
 Item n° 157 , NISTATINA 100.000UI 100ML SUSP. ORAL , Menor preço , Em andamento , Material , Não se aplica , Não, Sem benefício , Não , Não, 1.000 , FRASCO ," R$ 15,13 "," R$ 15.130,00 "
 Item n° 158 , ÓLEO MINERAL 100ML SUSP. ORAL , Menor preço , Em andamento , Material , Não se aplica , Não, Sem benefício , Não , Não, 600 , FRASCO ," R$ 8,50 "," R$ 5.100,00 "
 Item n° 159 , ONDASETRONA 4MG/5ML , Menor preço , Em andamento , Material , Não se aplica , Não, Sem benefício , Não , Não, 500 , FRASCO ," R$ 4,30 "," R$ 2.150,00 "
 Item n° 160 , PARACETAMOL 100MG/ML SUSP , Menor preço , Em andamento , Material , Não se aplica , Não, Sem benefício , Não , Não, 600 , FRASCO ," R$ 8,59 "," R$ 5.154,00 "
 Item n° 161 , PARACETAMOL 200MG/ML SUSP GOTAS , Menor preço , Em andamento , Material , Não se aplica , Não, Sem benefício , Não , Não, 6.000 , FRASCO ," R$ 4,63 "," R$ 27.780,00 "
 Item n° 162 , PERMETRINA 5% LOÇÃO , Menor preço , Em andamento , Material , Não se aplica , Não, Sem benefício , Não , Não, 1.200 , FRASCO ," R$ 16,79 "," R$ 20.148,00 "
 Item n° 163 , PREDNISOLONA 3MG/ML , Menor preço , Em andamento , Material , Não se aplica , Não, Sem benefício , Não , Não, 500 , FRASCO ," R$ 15,13 "," R$ 7.565,00 "
 Item n° 164 , SAIS DE REIDRATAÇÃO ORAL C/50 SACHE , Menor preço , Em andamento , Material , Não se aplica , Não, Sem benefício , Não , Não, 150 , CAIXA ," R$ 3,10 "," R$ 465,00 "
 Item n° 165 , SIMETICONA 75MG/ML SUSP GOTAS , Menor preço , Em andamento , Material , Não se aplica , Não, Sem benefício , Não , Não, 1.800 , FRASCO ," R$ 6,25 "," R$ 11.250,00 "
 Item n° 166 , SULFAMETOXOZOL+TRIMETROPRIMA 40MG+8MG SUSPENSÃO ORAL , Menor preço , Em andamento , Material , Não se aplica , Não, Sem benefício , Não , Não, 2.400 , FRASCO ," R$ 14,16 "," R$ 33.984,00 "
 Item n° 167 , SULFATO DE SALBUTAMOL 5MG/ML SOL. P/ INALAÇÃO , Menor preço , Em andamento , Material , Não se aplica , Não, Sem benefício , Não , Não, 500 , FRASCO ," R$ 5,50 "," R$ 2.750,00 "
 Item n° 168 , SULFATO FERROSO SUSP GOTAS , Menor preço , Em andamento , Material , Não se aplica , Não, Sem benefício , Não , Não, 1.500 , FRASCO ," R$ 3,28 "," R$ 4.920,00 "
 Item n° 169 , SUPLEMENTO ALIMENTAR POLIVITAMINICO 120ML SUSP. ORAL , Menor preço , Em andamento , Material , Não se aplica , Não, Sem benefício , Não , Não, 2.000 , FRASCO ," R$ 7,60 "," R$ 15.200,00 "
 Item n° 170 , VITAMINA C 200MG/ML GOTAS , Menor preço , Em andamento , Material , Não se aplica , Não, Sem benefício , Não , Não, 5.000 , FRASCO ," R$ 8,01 "," R$ 40.050,00 "
 Item n° 171 , CETOCONAZOL 20MG/G CREME , Menor preço , Em andamento , Material , Não se aplica , Não, Sem benefício , Não , Não, 2.400 , UNIDADE ," R$ 7,80 "," R$ 18.720,00 "
 Item n° 172 , CLORETO DE LIDOCAÍNA 20MG/G POMADA , Menor preço , Em andamento , Material , Não se aplica , Não, Sem benefício , Não , Não, 300 , UNIDADE ," R$ 50,80 "," R$ 15.240,00 "
 Item n° 173 , DEXAMETASONA 1MG/G CREME , Menor preço , Em andamento , Material , Não se aplica , Não, Sem benefício , Não , Não, 3.000 , UNIDADE ," R$ 5,11 "," R$ 15.330,00 "
 Item n° 174 , METRONIDAZOL + NISTATINA 100MG + 20.000UI CREME VAGINAL , Menor preço , Em andamento , Material , Não se aplica , Não, Sem benefício , Não , Não, 3.000 , UNIDADE ," R$ 48,10 "," R$ 144.300,00 "
 Item n° 175 , METRONIDAZOL 100MG/G GEL GINECOLOGICO , Menor preço , Em andamento , Material , Não se aplica , Não, Sem benefício , Não , Não, 3.000 , UNIDADE ," R$ 15,25 "," R$ 45.750,00 "
 Item n° 176 , NISTATINA 25.000UI CREME VAGINAL , Menor preço , Em andamento , Material , Não se aplica , Não, Sem benefício , Não , Não, 3.000 , UNIDADE ," R$ 15,10 "," R$ 45.300,00 "
 Item n° 177 , NITRATO DE MICONAZOL 2% CREME DERMATOLOGICO , Menor preço , Em andamento , Material , Não se aplica , Não, Sem benefício , Não , Não, 3.000 , UNIDADE ," R$ 8,10 "," R$ 24.300,00 "
 Item n° 178 , SULFADIAZINA DE PRATA 1% POMADA , Menor preço , Em andamento , Material , Não se aplica , Não, Sem benefício , Não , Não, 400 , UNIDADE ," R$ 10,00 "," R$ 4.000,00 "
 Item n° 179 , PASTA D'ÁGUA 25% ÓXIDO DE ZINCO PASTA , Menor preço , Em andamento , Material , Não se aplica , Não, Sem benefício , Não , Não, 400 , FRASCO ," R$ 13,10 "," R$ 5.240,00 "
 Item n° 180 , SULFATO DE NEOMICINA 5MG + BACITRACINA 250UI POMADA , Menor preço , Em andamento , Material , Não se aplica , Não, Sem benefício , Não , Não, 2.400 , UNIDADE ," R$ 6,91 "," R$ 16.584,00 "
